"Batata", 15.65, 960
"TomCherry", 506.87, 174
"Zanahoria", 33.28, 486
"Frutilla", 291.52, 360
"Palta", 1104.47, 456
"Rabanito", 240.12, 318
"Pepino", 35.59, 415
"Caqui", 822.76, 113
"Caqui", 870.29, 114
"Acelga", 11.90, 1008
"Sandia", 52.80, 756
"Mandarina", 23.66, 900
"Lima", 998.39, 236
"Palta", 1131.95, 344
"Melon", 84.34, 392
"Lima", 1209.05, 174
"Batata", 17.99, 810
"Durazno", 161.49, 640
"Brocoli", 344.67, 424
"Champignon", 3710.67, 119
"Morron", 2926.45, 546
"Alcachofa", 117.33, 309
"Higo", 2443.34, 92
"Limon", 317.02, 777
"Lima", 1310.16, 232
"Alcachofa", 151.47, 273
"Naranja", 9.98, 1140
"Lima", 1380.95, 200
"Papa", 16.10, 1090
"Lechuga", 39.61, 963
"Kinoto", 30.69, 206
"Mandarina", 9.06, 1130
"Calabaza", 21.87, 720
"Durazno", 157.21, 728
"Higo", 2516.04, 97
"Ciruela", 941.60, 981
"Manzana", 132.82, 1060
"Durazno", 251.72, 688
"Champignon", 3664.03, 94
"Alcachofa", 125.69, 336
"Champignon", 3702.23, 101
"Repollo", 5.26, 588
"Calabaza", 23.40, 736
"Brocoli", 345.24, 328
"Higo", 2502.59, 119
"Lima", 1357.14, 194
"Ajo", 921.81, 87
"Coliflor", 29.80, 420
"Sandia", 64.92, 927
"Mandarina", 23.91, 1010
"Banana", 52.77, 1090
"Durazno", 156.16, 656
"Calabaza", 16.98, 840
"Palta", 1183.03, 464
"Acelga", 23.32, 828
"Zuccini", 81.92, 660
"TomCherry", 531.72, 216
"Mandarina", 26.27, 1030
"Acelga", 20.79, 1026
"Naranja", 8.13, 840
"Morron", 3020.80, 696
"Banana", 69.40, 1120
"Zuccini", 88.92, 624
"Mandarina", 24.28, 1180
"Frambuesa", 2051.56, 101
"Uva", 722.80, 306
"Lima", 1392.33, 198
"Papa", 14.55, 900
"Acelga", 23.74, 729
"Cebolla", 77.74, 680
"Choclo", 67.70, 324
"Tomate", 744.52, 801
"Apio", 62.12, 357
"Lechuga", 51.44, 729
"Berenjena", 69.01, 636
"TomCherry", 564.19, 216
"Zanahoria", 23.34, 498
"Choclo", 53.97, 285
"Limon", 316.50, 700
"Mandarina", 33.04, 1020
"Batata", 19.23, 1010
"Palta", 1132.09, 448
"Choclo", 56.96, 246
"Zuccini", 87.19, 498
"Lima", 1295.37, 230
"Rabanito", 207.62, 279
"Melon", 112.06, 436
"Sandia", 46.94, 900
"Morron", 2976.17, 570
"Cereza", 1004.55, 212
"Cebolla", 60.70, 672
"Ciruela", 972.90, 990
"Lima", 1188.41, 180
"TomCherry", 585.97, 194
"Rabanito", 201.52, 351
"Melon", 100.54, 324
"Frambuesa", 2085.98, 111
"Caqui", 871.23, 114
"Alcachofa", 142.85, 264
"Palta", 518.20, 505
"Naranja", 15.42, 1110
"Lima", 1362.81, 176
"Kiwi", 390.77, 372
"Mandarina", 25.86, 1100
"Batata", 15.97, 850
"Frutilla", 292.81, 294
"Tomate", 746.46, 756
"Zuccini", 87.63, 546
"Calabaza", 23.48, 952
"Alcachofa", 168.27, 246
"Durazno", 145.97, 880
"Batata", 15.73, 950
"Lechuga", 49.37, 1071
"Limon", 302.23, 756
"Esparrago", 595.66, 188
"Banana", 66.16, 1120
"Lima", 1084.33, 172
"Tomate", 763.47, 1071
"Papa", 18.24, 800
"Cebolla", 88.08, 648
"Cereza", 1015.26, 218
"Uva", 726.70, 345
"Ajo", 900.21, 97
"Palta", 1068.99, 352
"Kinoto", 36.16, 164
"Morron", 2929.13, 480
"Lima", 1407.67, 218
"Caqui", 822.22, 103
"Brocoli", 358.10, 436
"Calabaza", 19.89, 752
"Banana", 75.00, 1040
"Palta", 1133.06, 336
"Alcachofa", 142.21, 261
"Papa", 15.57, 1080
"Sandia", 46.15, 972
"Zanahoria", 23.76, 666
"Melon", 99.17, 480
"Manzana", 157.64, 880
"Melon", 95.84, 440
"Esparrago", 642.51, 196
"Naranja", 23.69, 1020
"Pomelo", 52.71, 945
"Frutilla", 276.91, 345
"Palta", 1176.02, 412
"Repollo", 6.00, 826
"Esparrago", 626.81, 224
"Limon", 347.82, 630
"Durazno", 302.74, 888
"Esparrago", 640.23, 220
"Ciruela", 982.22, 738
"Cereza", 1026.20, 166
"Coliflor", 23.08, 515
"Cebolla", 59.31, 832
"Lima", 995.39, 188
"Brocoli", 340.36, 432
"Lima", 1346.10, 200
"Ajo", 890.32, 88
"Palta", 1096.05, 452
"Durazno", 292.96, 672
"Coliflor", 24.20, 560
"Apio", 60.04, 327
"Kiwi", 448.70, 376
"Higo", 2469.91, 92
"Brocoli", 351.61, 404
"Frutilla", 272.26, 339
"Higo", 2512.94, 86
"Zuccini", 88.89, 624
"Durazno", 167.85, 824
"Kiwi", 461.07, 448
"Durazno", 267.56, 832
"Zanahoria", 39.39, 636
"Kinoto", 30.98, 204
"Ciruela", 1008.26, 972
"Mandarina", 15.18, 910
"Repollo", 4.86, 763
"Naranja", 11.68, 950
"Kiwi", 429.55, 376
"Caqui", 821.34, 101
"Higo", 2387.61, 101
"TomCherry", 551.28, 216
"Ciruela", 967.68, 882
"Melon", 105.71, 368
"Calabaza", 27.89, 896
"Mandarina", 20.07, 1130
"Lima", 1005.28, 164
"Durazno", 179.52, 816
"Kiwi", 425.65, 468
"Frutilla", 287.76, 273
"Alcachofa", 161.60, 258
"Papa", 15.20, 1040
"Pepino", 41.31, 425
"Pera", 132.66, 840
"Lima", 1191.44, 190
"Naranja", 16.87, 1050
"Sandia", 68.99, 945
"Palta", 471.73, 445
"Uva", 669.92, 273
"Ciruela", 945.43, 1080
"Zanahoria", 25.76, 588
"Coliflor", 29.72, 430
"Caqui", 761.97, 110
"Uva", 660.92, 264
"Caqui", 795.63, 93
"Manzana", 139.23, 930
"Kiwi", 430.84, 344
"Brocoli", 353.86, 364
"Champignon", 3485.75, 92
"Higo", 2483.46, 105
"Lechuga", 46.66, 927
"Mandarina", 15.45, 1030
"Frutilla", 307.60, 303
"Frutilla", 276.40, 312
"Ciruela", 968.70, 1071
"Mandarina", 17.66, 1070
"Frambuesa", 2087.40, 90
"Brocoli", 379.08, 412
"Acelga", 17.76, 801
"Ciruela", 948.60, 873
"Naranja", 22.30, 950
"Pepino", 40.31, 580
"Durazno", 160.11, 816
"Zuccini", 78.45, 636
"Durazno", 161.88, 664
"Brocoli", 323.64, 472
"Durazno", 163.12, 936
"Palta", 487.97, 540
"Sandia", 65.57, 954
"Champignon", 3500.39, 94
"Batata", 14.31, 1110
"Tomate", 752.19, 1017
"Lima", 1235.43, 216
"Naranja", 11.60, 1140
"Zanahoria", 26.67, 618
"Zanahoria", 39.99, 528
"Higo", 2491.26, 81
"Batata", 20.53, 1200
"Berenjena", 61.71, 534
"Mandarina", 17.87, 1010
"Cereza", 1024.75, 188
"Pepino", 50.03, 500
"Morron", 2896.84, 510
"Sandia", 58.30, 936
"Acelga", 25.19, 747
"Acelga", 19.56, 783
"Higo", 2465.89, 120
"Batata", 14.68, 860
"Lima", 1378.73, 162
"Calabaza", 21.81, 744
"Cereza", 1069.51, 216
"Zanahoria", 42.33, 510
"Lima", 1229.07, 184
"Alcachofa", 118.19, 348
"Choclo", 58.89, 300
"TomCherry", 567.47, 240
"Uva", 704.42, 276
"Pepino", 38.24, 485
"Pepino", 41.74, 420
"Calabaza", 22.50, 792
"Acelga", 10.74, 981
"Melon", 109.78, 368
"Acelga", 25.96, 1017
"Pepino", 43.97, 600
"Lima", 1334.37, 230
"Naranja", 10.17, 1060
"Repollo", 4.57, 714
"Rabanito", 227.14, 315
"Repollo", 1.51, 665
"Limon", 358.06, 644
"Acelga", 21.69, 936
"Alcachofa", 146.10, 303
"Frutilla", 294.43, 255
"Mandarina", 20.31, 860
"Apio", 71.60, 324
"Pomelo", 33.30, 1053
"Lima", 1249.07, 240
"Frutilla", 301.38, 354
"Berenjena", 49.51, 714
"Rabanito", 226.34, 342
"Higo", 2478.06, 87
"Pepino", 45.01, 510
"Banana", 71.29, 890
"Choclo", 56.33, 318
"Caqui", 806.16, 86
"Batata", 17.20, 1130
"Uva", 725.83, 348
"Repollo", 6.14, 791
"Lechuga", 38.92, 756
"Manzana", 137.02, 830
"Durazno", 274.40, 720
"Melon", 135.50, 372
"Brocoli", 358.63, 420
"Durazno", 301.22, 920
"Cereza", 1021.21, 216
"Frambuesa", 2025.99, 116
"Brocoli", 364.00, 460
"Rabanito", 242.26, 357
"Banana", 69.31, 1110
"Brocoli", 328.96, 448
"Choclo", 52.21, 264
"Palta", 512.05, 590
"Higo", 2540.55, 104
"Brocoli", 354.29, 352
"Champignon", 3662.00, 109
"Tomate", 790.97, 891
"Palta", 486.47, 485
"TomCherry", 544.10, 184
"Zuccini", 80.04, 540
"Frambuesa", 2040.09, 98
"Papa", 15.27, 1130
"Cereza", 1033.24, 210
"Morron", 3032.18, 624
"Repollo", 6.33, 714
"Zuccini", 85.60, 522
"Brocoli", 344.29, 388
"Pomelo", 34.61, 1017
"Rabanito", 235.59, 351
"Naranja", 24.03, 850
"Pomelo", 47.23, 963
"Pomelo", 51.89, 954
"Cebolla", 53.75, 904
"Batata", 15.39, 920
"Lechuga", 41.46, 774
"Uva", 720.72, 285
"Frutilla", 291.49, 339
"Ciruela", 958.28, 1017
"Batata", 13.75, 1120
"Champignon", 3610.46, 81
"Caqui", 844.05, 87
"Acelga", 31.36, 936
"Pepino", 34.38, 600
"Naranja", 18.36, 1150
"Zuccini", 72.52, 654
"Rabanito", 245.83, 336
"Esparrago", 657.06, 182
"Morron", 2999.96, 636
"Zuccini", 87.73, 708
"Mandarina", 23.03, 1010
"Higo", 2573.04, 113
"Champignon", 3756.50, 119
"Champignon", 3607.96, 112
"Durazno", 140.69, 824
"Uva", 750.15, 282
"Palta", 1108.57, 320
"Durazno", 258.76, 680
"Pomelo", 33.19, 756
"Papa", 25.93, 820
"Uva", 686.24, 306
"Kiwi", 409.79, 372
"Cereza", 1048.41, 160
"Ciruela", 942.37, 729
"Champignon", 3650.04, 85
"Banana", 67.63, 1060
"Mandarina", 20.49, 1100
"Uva", 775.61, 339
"Uva", 754.43, 261
"Pepino", 46.34, 530
"Papa", 19.21, 850
"Lechuga", 45.90, 981
"Frambuesa", 2052.74, 94
"Ajo", 904.91, 88
"Naranja", 17.12, 1100
"Naranja", 6.14, 1130
"Pepino", 32.22, 430
"Caqui", 810.91, 90
"Morron", 2872.61, 564
"Palta", 460.07, 480
"Champignon", 3624.37, 90
"Caqui", 836.47, 116
"Repollo", 3.48, 679
"Kiwi", 447.89, 472
"Ciruela", 937.02, 972
"Manzana", 137.67, 1010
"Palta", 512.69, 435
"Repollo", 7.95, 770
"Calabaza", 21.84, 760
"Repollo", 10.26, 595
"Brocoli", 359.50, 432
"Pomelo", 52.08, 963
"Lechuga", 39.22, 1062
"Zanahoria", 37.46, 564
"Choclo", 44.59, 264
"Calabaza", 19.45, 832
"Manzana", 139.03, 1030
"Ajo", 930.09, 106
"Naranja", 11.25, 920
"Frutilla", 305.65, 258
"Pomelo", 45.42, 1017
"Frambuesa", 2056.47, 87
"Pera", 175.49, 1010
"Mandarina", 11.10, 1120
"Papa", 11.26, 840
"Repollo", 5.27, 798
"Naranja", 16.49, 1150
"Tomate", 726.74, 927
"Palta", 1143.33, 464
"Lechuga", 45.85, 963
"Naranja", 13.16, 940
"Alcachofa", 120.16, 264
"Kinoto", 38.29, 192
"Pomelo", 40.93, 909
"Melon", 94.78, 332
"Papa", 15.37, 1110
"Durazno", 119.67, 928
"TomCherry", 532.59, 228
"Batata", 18.29, 1150
"Caqui", 803.38, 117
"Mandarina", 10.50, 920
"Manzana", 149.37, 1200
"Lima", 1229.75, 190
"Naranja", 10.07, 980
"Kinoto", 34.49, 232
"Apio", 51.54, 315
"Brocoli", 367.37, 420
"Morron", 2949.47, 522
"Cebolla", 64.41, 680
"TomCherry", 551.35, 228
"Batata", 15.28, 830
"Mandarina", 23.40, 1140
"Naranja", 11.38, 810
"Berenjena", 58.56, 642
"Coliflor", 27.15, 470
"Frutilla", 319.53, 252
"Esparrago", 618.17, 196
"Mandarina", 23.85, 1070
"Berenjena", 49.89, 552
"TomCherry", 580.37, 234
"Apio", 51.61, 258
"Ajo", 855.80, 118
"Pomelo", 49.83, 936
"Lima", 1304.32, 174
"Calabaza", 19.16, 832
"Melon", 92.70, 392
"Durazno", 171.72, 664
"Durazno", 199.35, 648
"Rabanito", 231.72, 261
"Cebolla", 62.15, 720
"Choclo", 65.70, 354
"Banana", 60.45, 1130
"Tomate", 730.46, 864
"Lima", 1022.46, 176
"Champignon", 3638.71, 120
"Tomate", 771.28, 846
"Durazno", 156.37, 720
"Frutilla", 305.92, 324
"Ciruela", 939.99, 945
"Papa", 10.20, 960
"Manzana", 132.99, 990
"Batata", 7.87, 890
"Palta", 463.54, 550
"Frambuesa", 1991.91, 82
"Choclo", 56.01, 345
"Rabanito", 220.65, 279
"Choclo", 57.72, 282
"Higo", 2522.32, 81
"Papa", 17.87, 870
"Kinoto", 29.51, 228
"Brocoli", 354.34, 364
"Apio", 47.97, 327
"Zanahoria", 30.86, 516
"Zanahoria", 25.07, 576
"Sandia", 61.52, 846
"Durazno", 163.31, 960
"Esparrago", 685.45, 224
"Durazno", 182.20, 848
"Lima", 1372.27, 220
"Lima", 1233.90, 196
"Cebolla", 66.74, 928
"Durazno", 172.93, 760
"Palta", 513.82, 500
"Cebolla", 75.60, 744
"Palta", 480.28, 560
"Apio", 56.18, 342
"Repollo", 6.35, 686
"Frambuesa", 2050.88, 95
"Mandarina", 22.93, 930
"Mandarina", 22.57, 1180
"Apio", 74.84, 324
"Limon", 321.53, 770
"Manzana", 157.90, 990
"Repollo", 6.96, 651
"Mandarina", 20.14, 1150
"Pomelo", 31.74, 864
"Ajo", 922.10, 117
"Kiwi", 421.84, 400
"Zuccini", 85.71, 624
"Cereza", 1059.80, 192
"Esparrago", 618.04, 194
"Palta", 1138.45, 384
"Batata", 24.85, 1070
"Lima", 1170.58, 166
"Frambuesa", 2081.31, 86
"Coliflor", 33.78, 500
"Naranja", 12.63, 1020
"Palta", 1166.84, 468
"Frutilla", 292.26, 330
"Batata", 20.34, 1200
"Naranja", 9.54, 850
"Higo", 2594.30, 89
"Coliflor", 22.99, 595
"Palta", 478.18, 520
"Champignon", 3496.64, 84
"Berenjena", 57.94, 534
"Sandia", 54.16, 828
"Sandia", 59.84, 891
"Morron", 2961.89, 546
"Lima", 1270.14, 238
"Ciruela", 982.63, 972
"Acelga", 19.90, 819
"Calabaza", 15.08, 880
"Pepino", 33.98, 495
"Limon", 367.66, 805
"Frambuesa", 2068.95, 108
"Pepino", 38.11, 600
"Lima", 1398.09, 206
"Lima", 1357.49, 164
"Limon", 297.45, 826
"Choclo", 47.96, 342
"Cereza", 1040.40, 222
"Zanahoria", 21.58, 528
"Caqui", 818.27, 81
"Zanahoria", 33.37, 666
"Cebolla", 84.63, 672
"Cereza", 1032.70, 240
"Choclo", 56.68, 261
"Durazno", 191.23, 648
"Kiwi", 441.88, 428
"Zuccini", 86.56, 666
"Pomelo", 47.29, 801
"Ciruela", 962.32, 873
"Coliflor", 27.73, 575
"Cereza", 1048.33, 200
"Kinoto", 25.17, 182
"Ciruela", 1028.76, 801
"Sandia", 58.64, 1008
"Zanahoria", 31.77, 600
"Champignon", 3676.42, 98
"Pomelo", 44.20, 810
"Durazno", 165.13, 720
"Naranja", 14.52, 1180
"Mandarina", 19.80, 1070
"Durazno", 166.90, 896
"Rabanito", 220.91, 357
"Coliflor", 30.63, 510
"Pomelo", 40.62, 738
"Pera", 169.80, 1000
"Kiwi", 438.08, 464
"Lima", 1069.95, 164
"Palta", 491.14, 475
"Naranja", 15.65, 870
"Mandarina", 14.03, 930
"Higo", 2567.55, 120
"Lima", 1002.38, 174
"Apio", 64.67, 354
"Apio", 50.86, 303
"Sandia", 40.85, 1017
"Champignon", 3693.68, 116
"Durazno", 269.21, 784
"Ajo", 833.57, 80
"Mandarina", 18.61, 1160
"Papa", 15.67, 980
"Frambuesa", 2038.42, 87
"Durazno", 131.76, 760
"Frambuesa", 1995.96, 112
"Apio", 57.39, 252
"TomCherry", 518.84, 210
"Coliflor", 26.64, 400
"Uva", 712.70, 357
"Naranja", 10.67, 1060
"Pera", 140.17, 1190
"Lechuga", 41.01, 1017
"Lima", 1396.68, 210
"Durazno", 264.78, 776
"Naranja", 13.89, 1060
"Mandarina", 27.84, 1090
"Palta", 437.60, 470
"Esparrago", 625.18, 160
"Banana", 53.00, 1120
"Ajo", 959.95, 113
"Esparrago", 629.38, 222
"Limon", 322.49, 770
"Palta", 509.64, 400
"Mandarina", 29.44, 1120
"Rabanito", 260.02, 303
"Uva", 702.98, 351
"Kiwi", 441.62, 412
"Kiwi", 439.21, 336
"Champignon", 3625.07, 83
"Durazno", 265.42, 656
"Durazno", 159.71, 832
"Durazno", 151.34, 928
"Higo", 2446.27, 101
"Palta", 1090.74, 364
"Banana", 70.00, 1010
"Mandarina", 19.52, 970
"Cereza", 1015.26, 176
"Acelga", 30.52, 819
"Acelga", 21.96, 729
"Manzana", 132.35, 810
"Durazno", 132.68, 720
"Kiwi", 399.92, 320
"Uva", 702.18, 288
"Pepino", 47.85, 600
"Naranja", 16.37, 1080
"Naranja", 20.52, 980
"Frambuesa", 2062.22, 106
"Palta", 1122.24, 352
"Morron", 2913.56, 510
"Lima", 1244.16, 168
"Mandarina", 21.93, 1140
"Papa", 15.18, 940
"Durazno", 290.99, 864
"Lima", 1221.53, 188
"Berenjena", 63.97, 576
"Banana", 64.94, 1060
"Cebolla", 74.11, 712
"Pepino", 42.39, 570
"Melon", 105.66, 376
"Cereza", 1018.12, 204
"Morron", 2921.86, 624
"Tomate", 763.48, 909
"Pera", 172.70, 840
"Coliflor", 11.40, 455
"Palta", 487.81, 460
"Coliflor", 38.23, 570
"Batata", 27.26, 1170
"Repollo", 4.08, 560
"Tomate", 746.11, 801
"Ciruela", 942.36, 855
"Ciruela", 992.98, 792
"Zuccini", 90.48, 558
"Coliflor", 24.21, 600
"Caqui", 849.34, 114
"Coliflor", 26.54, 410
"Palta", 538.76, 565
"Uva", 683.96, 288
"Calabaza", 21.13, 856
"Brocoli", 343.28, 404
"Palta", 505.79, 525
"Naranja", 5.55, 1140
"Pera", 157.96, 1000
"Acelga", 14.24, 963
"Cereza", 1003.22, 164
"Uva", 710.35, 339
"Alcachofa", 150.66, 318
"Rabanito", 212.27, 357
"Champignon", 3579.31, 105
"Champignon", 3599.66, 109
"Naranja", 11.14, 1010
"Ciruela", 1027.93, 1035
"Pepino", 33.15, 580
"Rabanito", 206.50, 330
"Lechuga", 47.06, 891
"Limon", 345.19, 679
"Batata", 18.67, 950
"Apio", 63.77, 360
"Esparrago", 644.84, 222
"Naranja", 18.06, 870
"Tomate", 731.88, 774
"Frambuesa", 1968.10, 120
"Zanahoria", 42.44, 534
"Lima", 1279.12, 214
"Champignon", 3621.69, 95
"Calabaza", 23.00, 832
"Palta", 1127.13, 384
"Zuccini", 71.37, 678
"Tomate", 776.14, 900
"Naranja", 14.81, 860
"Brocoli", 358.21, 376
"Naranja", 11.26, 880
"Frambuesa", 2022.02, 89
"Rabanito", 196.55, 240
"Mandarina", 14.24, 810
"Morron", 2883.50, 672
"Frutilla", 294.89, 285
"Caqui", 874.24, 116
"Manzana", 132.54, 1030
"Uva", 653.03, 315
"Durazno", 175.10, 880
"Morron", 3013.02, 588
"Kiwi", 431.79, 376
"Alcachofa", 133.65, 288
"Champignon", 3637.72, 101
"Mandarina", 6.80, 1150
"Naranja", 20.23, 990
"Repollo", 7.61, 791
"Ajo", 927.72, 97
"Naranja", 12.32, 1110
"Esparrago", 581.59, 180
"Caqui", 769.88, 86
"Ajo", 949.04, 99
"Morron", 2928.43, 618
"Champignon", 3602.96, 97
"Champignon", 3694.67, 89
"Coliflor", 26.67, 400
"Rabanito", 239.38, 273
"Acelga", 29.04, 918
"Calabaza", 25.30, 872
"Naranja", 8.15, 810
"Cereza", 1013.93, 212
"Ciruela", 925.75, 963
"Lima", 1006.11, 164
"TomCherry", 525.82, 192
"Kiwi", 444.08, 356
"Batata", 28.91, 1080
"Durazno", 153.53, 800
"Manzana", 158.12, 950
"Pepino", 37.84, 430
"Sandia", 72.20, 819
"Pera", 179.83, 1180
"Apio", 61.87, 288
"Pomelo", 41.79, 1044
"Manzana", 149.65, 820
"Frambuesa", 2032.00, 87
"Apio", 55.73, 330
"Durazno", 177.59, 760
"Brocoli", 363.21, 348
"TomCherry", 575.82, 236
"Pepino", 40.66, 600
"Berenjena", 58.73, 480
"Kiwi", 432.70, 340
"Naranja", 11.09, 1020
"Tomate", 713.40, 972
"Durazno", 148.79, 832
"Ciruela", 907.98, 954
"Frutilla", 275.74, 270
"Naranja", 15.76, 1100
"Batata", 13.17, 960
"Papa", 18.51, 980
"Champignon", 3496.30, 105
"Kiwi", 430.88, 436
"Tomate", 800.17, 873
"Cebolla", 73.12, 856
"Kiwi", 438.95, 392
"Ajo", 909.42, 92
"Pomelo", 45.30, 1026
"Cereza", 1130.80, 214
"Choclo", 57.65, 255
"Mandarina", 18.48, 930
"Morron", 2945.22, 528
"Batata", 24.16, 1180
"Limon", 325.56, 812
"Pera", 167.58, 960
"Ciruela", 959.00, 774
"Cebolla", 76.20, 768
"Ajo", 903.09, 101
"Zuccini", 77.77, 630
"Melon", 107.80, 328
"Rabanito", 207.62, 309
"Cebolla", 60.06, 792
"Batata", 14.59, 1020
"Melon", 103.73, 324
"Melon", 103.30, 480
"Lima", 1322.83, 240
"Calabaza", 26.64, 648
"Lechuga", 41.72, 981
"Papa", 8.64, 890
"Repollo", 7.18, 784
"Rabanito", 221.44, 324
"Palta", 1205.42, 416
"Cereza", 1030.43, 238
"Melon", 102.28, 468
"Lima", 1215.24, 218
"Morron", 2934.33, 672
"Morron", 2877.51, 594
"Cebolla", 64.60, 680
"Zuccini", 62.28, 690
"Lima", 1202.74, 184
"Naranja", 16.01, 820
"Alcachofa", 138.07, 291
"Durazno", 166.70, 832
"Lechuga", 45.51, 1053
"Higo", 2447.42, 115
"Caqui", 853.55, 104
"Uva", 739.75, 330
"Pera", 162.10, 1140
"Durazno", 164.93, 936
"Mandarina", 18.31, 920
"Lima", 1240.17, 194
"Pomelo", 55.24, 819
"Batata", 20.61, 1190
"Coliflor", 32.38, 430
"TomCherry", 540.59, 200
"Morron", 2961.04, 642
"Naranja", 9.90, 1200
"Manzana", 132.56, 1100
"Champignon", 3586.70, 88
"Mandarina", 19.48, 880
"Caqui", 826.19, 119
"Durazno", 173.76, 800
"Kiwi", 429.55, 480
"Rabanito", 238.38, 282
"Frutilla", 311.41, 282
"Pera", 138.33, 950
"Sandia", 64.70, 720
"Palta", 1169.28, 320
"Pepino", 46.70, 495
"Coliflor", 29.28, 500
"Durazno", 175.21, 704
"Naranja", 15.76, 980
"Coliflor", 23.48, 540
"Pomelo", 47.21, 756
"Kiwi", 454.17, 400
"Zanahoria", 25.45, 666
"Higo", 2548.11, 89
"Cebolla", 55.91, 888
"Lima", 1205.74, 176
"Banana", 59.64, 900
"Naranja", 18.53, 1000
"Ciruela", 914.40, 918
"Durazno", 287.38, 960
"Pepino", 42.22, 525
"Repollo", 4.38, 588
"Lima", 1373.75, 240
"Frambuesa", 2111.14, 91
"Melon", 113.30, 464
"Lima", 1352.78, 234
"Pomelo", 44.89, 828
"Kiwi", 446.50, 396
"Frambuesa", 2070.81, 119
"Brocoli", 360.37, 420
"Lima", 1265.26, 204
"Durazno", 162.29, 776
"Manzana", 134.05, 1110
"Durazno", 250.99, 856
"Mandarina", 15.45, 1000
"Palta", 498.42, 495
"Ajo", 882.77, 112
"Frutilla", 280.99, 255
"Naranja", 12.78, 1100
"Kiwi", 402.55, 396
"Sandia", 56.77, 810
"Manzana", 131.52, 890
"Ciruela", 998.69, 900
"Rabanito", 201.24, 354
"Manzana", 153.15, 1120
"Zanahoria", 35.00, 654
"Berenjena", 54.29, 672
"Alcachofa", 175.42, 330
"Cereza", 998.96, 220
"Acelga", 19.68, 981
"Frambuesa", 2061.01, 110
"Ciruela", 979.83, 720
"Ajo", 955.05, 102
"Calabaza", 21.65, 768
"Mandarina", 22.84, 1170
"Frambuesa", 2055.43, 114
"Calabaza", 16.13, 784
"Uva", 724.54, 240
"Kiwi", 436.20, 440
"Ciruela", 933.55, 729
"Champignon", 3692.63, 118
"Caqui", 769.50, 100
"Rabanito", 206.73, 249
"Durazno", 245.37, 952
"Apio", 60.40, 288
"Frutilla", 296.28, 255
"Pepino", 30.26, 485
"Esparrago", 585.06, 166
"Choclo", 52.58, 330
"Pomelo", 52.69, 756
"Zuccini", 98.10, 492
"Ajo", 908.56, 116
"Coliflor", 29.63, 400
"Pepino", 35.46, 545
"Frambuesa", 2108.93, 108
"Higo", 2495.73, 120
"Champignon", 3673.42, 119
"Rabanito", 227.24, 282
"Limon", 301.08, 616
"Zanahoria", 38.02, 564
"Mandarina", 11.43, 1110
"Calabaza", 6.91, 920
"Durazno", 177.17, 640
"Tomate", 741.00, 1080
"Mandarina", 18.21, 1060
"Lima", 1049.59, 228
"Esparrago", 624.75, 168
"Acelga", 18.36, 792
"Naranja", 24.15, 1180
"Zuccini", 84.83, 696
"Zanahoria", 30.60, 702
"Lechuga", 43.17, 1080
"Cereza", 1023.58, 214
"Lechuga", 47.88, 783
"Esparrago", 639.97, 234
"Morron", 2941.99, 630
"Kiwi", 408.01, 380
"Champignon", 3627.85, 108
"Apio", 65.69, 303
"Durazno", 275.50, 720
"Apio", 52.95, 333
"Tomate", 753.00, 954
"Choclo", 65.05, 330
"Banana", 56.03, 920
"Durazno", 251.11, 704
"Palta", 504.05, 510
"Morron", 2930.20, 666
"Mandarina", 14.49, 1030
"Cereza", 1063.25, 194
"Sandia", 62.32, 891
"Pera", 138.36, 1160
"Zanahoria", 32.05, 666
"Esparrago", 634.08, 228
"Rabanito", 239.14, 357
"Mandarina", 14.68, 1160
"Naranja", 15.86, 870
"Palta", 1160.54, 404
"Champignon", 3520.11, 85
"Apio", 63.25, 243
"Lechuga", 42.68, 882
"Manzana", 154.84, 1100
"Lima", 1011.10, 234
"TomCherry", 585.68, 192
"Durazno", 136.85, 936
"Manzana", 127.30, 870
"Lechuga", 48.51, 1062
"Papa", 13.37, 980
"Banana", 66.74, 1170
"Apio", 64.51, 339
"Durazno", 167.25, 776
"Zanahoria", 40.08, 522
"Melon", 98.23, 444
"Banana", 58.67, 1170
"Manzana", 149.05, 1160
"Tomate", 694.09, 774
"Sandia", 65.21, 765
"Pera", 149.99, 950
"Naranja", 16.23, 1110
"Zuccini", 94.72, 570
"Ciruela", 1000.20, 1008
"Lima", 1163.09, 180
"Kinoto", 26.46, 172
"Lima", 1193.16, 200
"Pomelo", 53.67, 918
"Naranja", 11.23, 1160
"Limon", 346.46, 700
"Manzana", 133.51, 860
"Esparrago", 681.25, 182
"Coliflor", 34.57, 505
"Limon", 321.25, 763
"Papa", 8.85, 1100
"Berenjena", 62.23, 672
"Alcachofa", 140.23, 276
"Esparrago", 651.11, 176
"Brocoli", 377.01, 352
"Berenjena", 41.47, 660
"Rabanito", 216.83, 291
"Cebolla", 76.78, 776
"Pepino", 30.98, 520
"Frutilla", 303.31, 303
"Durazno", 138.67, 696
"Naranja", 20.24, 1020
"Naranja", 16.56, 850
"Cebolla", 57.44, 736
"Batata", 23.96, 1060
"Calabaza", 20.58, 920
"Rabanito", 188.84, 267
"Calabaza", 19.85, 640
"Kinoto", 34.29, 164
"Rabanito", 240.80, 342
"Pomelo", 54.57, 765
"Morron", 2943.46, 624
"Pomelo", 38.31, 981
"Higo", 2463.18, 100
"Higo", 2493.39, 114
"Coliflor", 28.59, 445
"Durazno", 175.86, 936
"Palta", 521.96, 410
"Apio", 60.93, 315
"Acelga", 17.49, 1062
"Lima", 1387.46, 232
"Lima", 1323.27, 186
"Naranja", 12.30, 830
"Champignon", 3623.91, 87
"Coliflor", 28.01, 595
"Zuccini", 76.03, 588
"Champignon", 3597.22, 97
"Durazno", 183.16, 680
"Naranja", 19.32, 1100
"Papa", 18.11, 840
"Higo", 2512.06, 93
"Manzana", 141.78, 880
"Zuccini", 94.72, 576
"Uva", 682.97, 270
"Alcachofa", 130.81, 297
"Uva", 738.94, 249
"Batata", 23.00, 1170
"Palta", 1128.43, 336
"Cebolla", 78.43, 952
"Apio", 66.76, 333
"Lechuga", 41.87, 1071
"Morron", 2928.33, 600
"Champignon", 3610.49, 87
"Cereza", 1000.60, 210
"Calabaza", 11.70, 936
"Sandia", 66.88, 1053
"Pepino", 39.75, 435
"Frambuesa", 2085.15, 89
"Frutilla", 299.26, 354
"Choclo", 56.67, 336
"Brocoli", 369.99, 348
"Pera", 154.12, 900
"Limon", 348.55, 616
"Calabaza", 20.72, 856
"Melon", 97.13, 332
"Tomate", 744.11, 990
"Choclo", 55.85, 282
"Batata", 27.19, 1190
"Palta", 503.09, 425
"Lima", 1055.72, 198
"Ciruela", 900.67, 882
"Palta", 1156.37, 356
"Brocoli", 351.98, 464
"Choclo", 66.18, 297
"Naranja", 16.96, 910
"Cereza", 1076.22, 162
"Caqui", 818.38, 87
"Durazno", 176.52, 808
"Zanahoria", 36.72, 558
"Acelga", 19.00, 954
"Acelga", 20.07, 1008
"Zanahoria", 37.17, 690
"Frutilla", 303.53, 252
"Choclo", 59.40, 333
"Ajo", 878.35, 107
"Zuccini", 92.39, 582
"Kinoto", 16.51, 172
"Naranja", 17.70, 870
"Banana", 67.54, 1090
"Durazno", 270.02, 872
"Acelga", 22.56, 864
"Uva", 728.07, 261
"Acelga", 16.15, 891
"Acelga", 7.25, 792
"Higo", 2487.45, 87
"Lima", 985.57, 194
"Morron", 2840.12, 600
"Banana", 54.12, 1130
"Cebolla", 73.36, 848
"Frutilla", 283.39, 255
"Zuccini", 87.17, 564
"Mandarina", 19.81, 880
"Caqui", 831.14, 97
"Coliflor", 31.48, 495
"Sandia", 75.39, 828
"Brocoli", 351.60, 372
"Higo", 2504.96, 115
"Naranja", 19.00, 1170
"Manzana", 136.37, 1120
"Pepino", 40.16, 530
"Alcachofa", 152.05, 336
"Kinoto", 37.16, 220
"Berenjena", 66.98, 648
"Durazno", 205.95, 768
"Lima", 1374.52, 162
"TomCherry", 528.93, 226
"Repollo", 6.02, 728
"Coliflor", 32.66, 420
"Caqui", 778.09, 117
"Esparrago", 627.24, 226
"Cereza", 976.49, 182
"Tomate", 746.99, 990
"Morron", 2922.76, 582
"Palta", 1155.60, 404
"Naranja", 19.26, 1040
"Cebolla", 79.34, 888
"Papa", 16.00, 1190
"Berenjena", 60.32, 612
"Mandarina", 12.39, 1110
"Calabaza", 21.15, 800
"Morron", 3000.12, 636
"Coliflor", 31.26, 545
"Higo", 2554.34, 99
"Esparrago", 632.55, 168
"Banana", 60.94, 1010
"Kiwi", 429.04, 472
"Mandarina", 25.98, 990
"Champignon", 3591.33, 102
"Batata", 25.48, 1010
"Mandarina", 19.97, 880
"Zuccini", 89.39, 480
"Mandarina", 13.96, 1110
"Calabaza", 15.02, 784
"Lima", 1443.24, 184
"Melon", 90.30, 340
"Pera", 111.62, 1070
"Frambuesa", 1984.55, 111
"Berenjena", 45.68, 690
"Repollo", 2.73, 630
"Kinoto", 28.32, 202
"Ciruela", 919.42, 918
"Ajo", 941.60, 117
"Melon", 112.15, 380
"TomCherry", 551.56, 162
"Durazno", 122.61, 784
"Pomelo", 44.90, 1035
"Berenjena", 60.25, 516
"Durazno", 156.10, 912
"Palta", 1197.70, 336
"Champignon", 3549.38, 99
"Uva", 715.85, 273
"Batata", 17.64, 1000
"Manzana", 133.52, 1120
"Acelga", 24.86, 738
"Ciruela", 962.02, 891
"Pera", 142.34, 900
"Zanahoria", 36.88, 546
"Kiwi", 444.71, 360
"Lima", 1094.26, 210
"Frambuesa", 2101.71, 93
"Ajo", 916.15, 108
"Kiwi", 490.56, 384
"Uva", 708.57, 294
"Tomate", 705.76, 783
"Mandarina", 33.71, 810
"Uva", 719.38, 291
"Melon", 100.63, 340
"Tomate", 789.00, 954
"TomCherry", 534.40, 192
"Lechuga", 47.35, 747
"Ciruela", 982.95, 945
"Palta", 503.45, 545
"Sandia", 51.72, 810
"Durazno", 280.69, 784
"Durazno", 149.78, 680
"Apio", 65.58, 342
"Pera", 152.59, 880
"Coliflor", 33.87, 450
"Zanahoria", 31.42, 630
"Lima", 1306.54, 224
"Sandia", 57.02, 963
"Manzana", 130.69, 1080
"Kinoto", 30.25, 194
"Zuccini", 77.02, 528
"Acelga", 19.64, 918
"Cereza", 1020.88, 180
"Pepino", 34.06, 500
"Cebolla", 71.13, 680
"Berenjena", 42.47, 648
"Naranja", 15.96, 1060
"Kiwi", 428.94, 428
"Apio", 45.88, 270
"Caqui", 796.31, 97
"Morron", 2903.81, 552
"TomCherry", 489.37, 184
"Lechuga", 49.60, 855
"Banana", 66.08, 850
"Caqui", 853.44, 94
"Rabanito", 209.02, 246
"Manzana", 151.71, 1030
"Naranja", 18.46, 1020
"Palta", 474.62, 435
"Esparrago", 593.41, 204
"Durazno", 174.21, 736
"Naranja", 15.78, 970
"Palta", 470.06, 450
"Rabanito", 232.86, 243
"Durazno", 283.51, 696
"Choclo", 58.58, 333
"TomCherry", 549.44, 226
"Durazno", 275.07, 952
"Durazno", 167.57, 752
"Lima", 1069.11, 198
"Apio", 57.20, 279
"Lima", 1340.76, 178
"Cereza", 1026.39, 238
"Naranja", 11.36, 1120
"Coliflor", 26.86, 410
"Pepino", 43.70, 530
"Coliflor", 33.66, 515
"Melon", 100.08, 428
"Banana", 61.22, 930
"Cereza", 1015.25, 218
"Palta", 460.81, 595
"Acelga", 13.76, 1053
"Sandia", 66.82, 999
"Berenjena", 61.62, 492
"Lima", 1393.13, 198
"Calabaza", 21.40, 848
"Zanahoria", 41.94, 612
"Ciruela", 985.86, 756
"Repollo", 6.13, 658
"Lechuga", 45.93, 828
"Uva", 729.46, 264
"Ciruela", 949.28, 747
"Zanahoria", 29.37, 504
"Naranja", 8.35, 1000
"Zanahoria", 28.99, 654
"Lima", 1168.99, 216
"Ajo", 898.17, 118
"Kinoto", 34.47, 224
"Morron", 2895.11, 690
"Zanahoria", 42.37, 690
"TomCherry", 550.13, 234
"Pera", 154.29, 1180
"Kinoto", 38.35, 174
"Mandarina", 19.86, 890
"Durazno", 147.37, 864
"Tomate", 722.87, 747
"Melon", 108.46, 396
"Palta", 1178.43, 436
"Batata", 18.12, 1170
"Brocoli", 363.10, 408
"Rabanito", 231.44, 255
"Naranja", 18.69, 970
"Zuccini", 84.84, 660
"Palta", 1218.16, 444
"Uva", 679.17, 279
"Acelga", 20.79, 1071
"Durazno", 263.52, 816
"Champignon", 3451.84, 95
"Frutilla", 286.48, 303
"Durazno", 119.19, 936
"Mandarina", 23.09, 840
"Durazno", 160.95, 880
"Cereza", 1010.20, 216
"Rabanito", 210.09, 327
"Tomate", 685.45, 1026
"Manzana", 157.72, 940
"Cebolla", 55.78, 864
"Berenjena", 59.09, 504
"Naranja", 5.51, 1140
"Tomate", 720.46, 900
"Pepino", 44.76, 535
"Pera", 159.56, 930
"Manzana", 119.27, 850
"Champignon", 3626.51, 81
"Mandarina", 21.48, 1090
"Zanahoria", 40.98, 642
"Durazno", 134.93, 680
"Calabaza", 31.43, 936
"Brocoli", 400.21, 428
"Pera", 150.75, 840
"Sandia", 40.40, 1044
"Apio", 51.21, 357
"Rabanito", 235.22, 330
"Frambuesa", 2094.40, 94
"Mandarina", 13.82, 1140
"Apio", 49.85, 303
"Durazno", 286.28, 904
"Pomelo", 54.36, 1035
"Rabanito", 223.38, 321
"Repollo", 5.15, 770
"Apio", 61.63, 249
"Esparrago", 627.60, 184
"Higo", 2466.82, 113
"Naranja", 11.46, 1040
"Lima", 1213.88, 214
"Limon", 314.14, 707
"Morron", 2922.58, 630
"Frambuesa", 2083.64, 91
"Mandarina", 20.84, 1140
"Ciruela", 993.35, 864
"Melon", 93.53, 404
"Durazno", 259.26, 840
"Kiwi", 414.56, 352
"Melon", 106.40, 412
"Repollo", 7.65, 693
"Cereza", 1027.98, 196
"Lima", 1360.39, 178
"Pomelo", 44.91, 999
"Pera", 150.68, 1050
"Durazno", 264.86, 760
"Limon", 315.43, 651
"Pera", 128.56, 800
"Uva", 736.16, 336
"Uva", 687.15, 282
"Morron", 2894.12, 654
"Durazno", 173.16, 896
"Champignon", 3547.83, 116
"Acelga", 19.33, 873
"Kinoto", 36.60, 200
"Caqui", 815.98, 82
"Alcachofa", 142.33, 300
"Morron", 2938.10, 600
"Pepino", 46.31, 470
"Pomelo", 49.06, 783
"Durazno", 251.48, 856
"Durazno", 278.45, 752
"Limon", 349.85, 819
"Repollo", 5.40, 602
"Esparrago", 570.01, 208
"Brocoli", 367.65, 408
"TomCherry", 553.68, 224
"Ciruela", 978.98, 882
"Apio", 68.99, 333
"Cereza", 1031.22, 180
"Mandarina", 20.59, 1100
"Papa", 23.29, 860
"Banana", 76.46, 910
"Batata", 27.49, 890
"Sandia", 74.74, 1044
"Caqui", 858.37, 108
"Ciruela", 929.04, 864
"Alcachofa", 157.72, 240
"Pepino", 39.85, 405
"Papa", 14.01, 1110
"Choclo", 49.72, 342
"Lima", 1368.45, 232
"Calabaza", 26.53, 928
"Brocoli", 393.20, 440
"Durazno", 279.02, 856
"Manzana", 124.95, 1200
"Coliflor", 32.74, 525
"Rabanito", 221.83, 327
"Kiwi", 431.69, 444
"Palta", 453.34, 550
"Durazno", 160.65, 800
"Durazno", 122.48, 656
"Tomate", 750.66, 1008
"Durazno", 286.22, 824
"Mandarina", 27.39, 1030
"Esparrago", 678.90, 230
"Manzana", 139.22, 880
"Ajo", 895.87, 103
"Melon", 114.35, 400
"Pera", 145.28, 820
"Papa", 12.36, 1000
"Lima", 1013.24, 220
"Lima", 1260.25, 224
"Cereza", 1056.02, 210
"Durazno", 141.92, 648
"Cereza", 993.99, 176
"Manzana", 141.48, 800
"Naranja", 19.98, 900
"Limon", 303.83, 651
"Ajo", 930.71, 111
"Higo", 2466.71, 109
"Lima", 1208.78, 212
"Higo", 2496.19, 108
"Pomelo", 45.11, 855
"Cebolla", 61.08, 848
"Berenjena", 49.96, 660
"Lima", 1384.91, 232
"Brocoli", 339.95, 436
"Pera", 174.61, 850
"Brocoli", 339.73, 348
"Naranja", 14.21, 1100
"Higo", 2524.81, 111
"Pera", 134.25, 950
"Alcachofa", 136.06, 246
"Frutilla", 299.09, 300
"Calabaza", 19.47, 952
"Uva", 671.58, 252
"Acelga", 17.11, 1080
"Ajo", 885.98, 118
"Durazno", 295.74, 840
"Berenjena", 60.90, 570
"Tomate", 734.73, 1044
"Alcachofa", 146.19, 282
"Zuccini", 92.48, 570
"Choclo", 57.50, 270
"Kinoto", 39.67, 190
"Lechuga", 32.95, 963
"Morron", 2929.91, 666
"Palta", 483.09, 495
"Acelga", 24.66, 1026
"Lechuga", 51.35, 945
"Naranja", 13.11, 880
"Frambuesa", 2085.31, 86
"Batata", 15.64, 1000
"Calabaza", 12.27, 776
"Naranja", 15.80, 1160
"Ajo", 904.94, 81
"Brocoli", 362.26, 444
"Banana", 58.58, 880
"Morron", 3007.55, 624
"Uva", 726.86, 351
"Kiwi", 455.08, 460
"Frutilla", 287.92, 288
"Papa", 17.43, 1050
"Uva", 709.87, 342
"Zuccini", 73.40, 534
"Rabanito", 212.49, 330
"Esparrago", 644.20, 212
"Cereza", 1004.23, 190
"Sandia", 69.62, 828
"Sandia", 62.98, 828
"Lima", 1261.64, 182
"Tomate", 763.67, 1008
"Batata", 11.27, 890
"Champignon", 3666.53, 105
"Limon", 296.11, 812
"Apio", 52.34, 309
"Calabaza", 14.15, 712
"Champignon", 3633.73, 99
"Frutilla", 285.89, 324
"Ajo", 918.35, 84
"Pepino", 41.70, 495
"Zanahoria", 32.93, 684
"Cereza", 1014.17, 220
"Zanahoria", 27.14, 540
"Palta", 508.87, 535
"Pomelo", 35.53, 954
"Ciruela", 984.14, 927
"Lima", 1230.14, 164
"Esparrago", 662.04, 178
"Acelga", 19.90, 936
"Apio", 59.00, 255
"Esparrago", 620.04, 236
"Ajo", 915.81, 95
"Durazno", 261.87, 896
"Melon", 106.85, 384
"Lechuga", 46.91, 1044
"Batata", 20.57, 920
"Kiwi", 440.98, 444
"Lechuga", 34.64, 1035
"Alcachofa", 128.61, 243
"Coliflor", 24.37, 570
"Morron", 2975.54, 606
"Ciruela", 958.72, 855
"Champignon", 3576.95, 109
"Brocoli", 378.39, 480
"Pera", 172.16, 880
"Pera", 163.36, 920
"Kiwi", 415.27, 392
"Pomelo", 49.91, 1035
"Pera", 143.05, 1010
"Brocoli", 361.43, 360
"Lima", 1177.86, 166
"Lima", 1270.69, 202
"Rabanito", 194.73, 264
"Zuccini", 84.93, 642
"Ajo", 959.07, 113
"Morron", 2942.71, 654
"Lima", 1296.54, 228
"Sandia", 45.91, 1008
"Naranja", 11.81, 800
"Sandia", 70.77, 927
"Zuccini", 89.17, 714
"Zuccini", 85.29, 534
"Coliflor", 31.90, 400
"Frutilla", 309.23, 279
"Mandarina", 21.81, 1050
"Durazno", 151.26, 744
"Esparrago", 641.60, 232
"Pomelo", 53.06, 1080
"Pepino", 38.78, 485
"Melon", 105.40, 376
"Higo", 2430.29, 101
"Lima", 1216.53, 198
"Uva", 730.51, 258
"Rabanito", 220.35, 306
"Mandarina", 22.96, 970
"Mandarina", 17.14, 1070
"Frambuesa", 2019.75, 102
"Durazno", 134.20, 720
"Frutilla", 288.04, 354
"Naranja", 16.50, 810
"Lechuga", 36.55, 720
"Kiwi", 421.57, 396
"Acelga", 18.72, 990
"Frutilla", 299.61, 264
"Durazno", 149.23, 864
"Pomelo", 52.15, 945
"Apio", 51.45, 330
"Zuccini", 87.76, 582
"Melon", 87.47, 360
"Limon", 311.10, 665
"Higo", 2491.88, 100
"Brocoli", 387.03, 324
"Batata", 18.59, 810
"Coliflor", 26.70, 465
"Zuccini", 76.85, 528
"Coliflor", 38.61, 460
"Lima", 1319.66, 188
"Ciruela", 944.54, 720
"Palta", 1199.42, 336
"Higo", 2549.94, 120
"Lima", 1040.72, 190
"Durazno", 243.13, 728
"Batata", 14.71, 1150
"Higo", 2537.21, 102
"Durazno", 246.42, 872
"Lima", 1054.28, 172
"Pera", 139.38, 1150
"Uva", 690.56, 267
"Rabanito", 231.86, 351
"Berenjena", 63.67, 690
"Mandarina", 21.52, 1130
"Batata", 14.50, 910
"Pepino", 45.64, 540
"Pera", 149.28, 920
"Caqui", 885.83, 82
"Cebolla", 70.39, 656
"Apio", 57.66, 258
"Brocoli", 365.29, 456
"Morron", 3043.66, 522
"Zanahoria", 38.38, 594
"Palta", 1161.59, 352
"Cebolla", 80.28, 832
"Durazno", 139.95, 688
"Cebolla", 48.27, 952
"Palta", 524.18, 500
"Zuccini", 83.19, 630
"Rabanito", 223.44, 303
"Rabanito", 200.62, 339
"Berenjena", 59.63, 588
"Morron", 2931.89, 618
"Durazno", 241.21, 840
"Pomelo", 47.04, 747
"Lechuga", 28.84, 882
"Durazno", 122.65, 952
"Calabaza", 18.75, 888
"Ciruela", 942.06, 1071
"Durazno", 138.81, 784
"Caqui", 779.90, 88
"Calabaza", 25.86, 904
"Cereza", 1024.68, 206
"Palta", 522.40, 530
"Uva", 689.63, 309
"Naranja", 15.53, 1090
"Pomelo", 44.87, 1017
"Palta", 1167.24, 440
"Champignon", 3548.70, 112
"Frambuesa", 2034.65, 116
"Durazno", 136.40, 800
"Tomate", 751.37, 990
"Ajo", 872.59, 80
"Frutilla", 313.77, 264
"Manzana", 139.56, 1040
"Ciruela", 957.89, 783
"Apio", 52.77, 273
"Choclo", 57.28, 264
"Calabaza", 22.35, 792
"Lechuga", 43.65, 819
"Esparrago", 663.11, 238
"Esparrago", 594.87, 188
"Kiwi", 452.07, 348
"Naranja", 9.05, 1080
"Apio", 51.66, 270
"Coliflor", 27.29, 475
"Apio", 61.97, 327
"Frambuesa", 2078.50, 114
"Apio", 55.47, 282
"Caqui", 812.50, 86
"Uva", 705.72, 321
"Ciruela", 930.03, 756
"Champignon", 3616.44, 82
"Brocoli", 314.02, 404
"Naranja", 15.72, 1140
"Acelga", 22.99, 1017
"Champignon", 3590.41, 109
"Durazno", 144.36, 704
"Cereza", 1053.29, 182
"Lima", 1415.11, 240
"Rabanito", 240.31, 261
"Frutilla", 297.70, 240
"Acelga", 28.45, 846
"Champignon", 3566.42, 119
"Batata", 26.48, 810
"Calabaza", 22.81, 928
"Mandarina", 28.10, 1170
"Cereza", 1062.77, 232
"Uva", 771.06, 312
"Pepino", 43.63, 560
"Pepino", 35.27, 515
"Apio", 65.92, 249
"Durazno", 260.42, 680
"Morron", 2903.43, 642
"Naranja", 14.93, 920
"Champignon", 3686.26, 90
"Zuccini", 83.32, 570
"Pomelo", 43.04, 909
"Frambuesa", 2073.57, 104
"Banana", 54.98, 1070
"Calabaza", 18.77, 672
"Durazno", 165.36, 856
"Zuccini", 65.37, 618
"Esparrago", 634.38, 170
"Kinoto", 25.99, 236
"Morron", 2903.27, 528
"Cebolla", 58.88, 912
"Apio", 58.24, 351
"Rabanito", 205.43, 324
"Papa", 18.64, 1130
"Berenjena", 55.14, 606
"Kinoto", 37.17, 198
"Lechuga", 39.97, 765
"Palta", 1107.99, 480
"Esparrago", 617.33, 192
"Mandarina", 13.86, 1060
"Lima", 1215.99, 178
"Frambuesa", 1983.24, 110
"Limon", 313.12, 658
"TomCherry", 576.35, 174
"Tomate", 761.73, 927
"Batata", 22.14, 1140
"Choclo", 52.96, 351
"Esparrago", 597.54, 226
"Esparrago", 620.80, 160
"Palta", 1100.22, 408
"Brocoli", 385.39, 368
"Higo", 2462.34, 80
"Repollo", 3.00, 777
"Naranja", 1.35, 800
"Caqui", 867.60, 118
"Cereza", 1032.42, 210
"Tomate", 732.95, 945
"Rabanito", 230.29, 309
"Caqui", 852.97, 82
"Kinoto", 36.07, 222
"Morron", 2947.23, 582
"Acelga", 26.60, 855
"Lima", 1196.01, 210
"Ajo", 956.41, 106
"Mandarina", 14.93, 1000
"Mandarina", 12.91, 1060
"Pera", 147.71, 1110
"Coliflor", 31.72, 415
"Uva", 716.33, 291
"Kinoto", 34.56, 166
"Pomelo", 44.95, 1053
"Uva", 741.39, 297
"Sandia", 48.58, 900
"Lima", 1309.51, 184
"Ciruela", 980.52, 774
"Manzana", 145.90, 830
"Caqui", 830.04, 94
"Banana", 62.68, 960
"Mandarina", 30.10, 800
"Melon", 97.94, 352
"Naranja", 14.70, 970
"Tomate", 741.80, 909
"Morron", 2838.37, 642
"Lima", 1243.01, 232
"Manzana", 139.33, 1050
"Frambuesa", 2082.79, 117
"Mandarina", 26.02, 1150
"Berenjena", 65.84, 720
"Ciruela", 1009.70, 891
"Palta", 465.54, 410
"Ajo", 875.61, 91
"Batata", 13.52, 870
"Lechuga", 46.86, 774
"Zuccini", 76.27, 528
"TomCherry", 564.70, 170
"Morron", 2989.32, 594
"Berenjena", 42.85, 546
"Palta", 1181.68, 392
"Lima", 973.92, 208
"Caqui", 824.59, 80
"Frutilla", 295.23, 300
"Tomate", 671.21, 900
"Cereza", 1047.55, 194
"Higo", 2528.28, 99
"Durazno", 184.34, 840
"Lechuga", 42.77, 1071
"Coliflor", 33.83, 420
"Morron", 3036.88, 630
"Pepino", 43.35, 405
"Frutilla", 287.21, 261
"Repollo", 3.97, 588
"Cereza", 969.34, 170
"Durazno", 294.72, 792
"Manzana", 168.15, 860
"Repollo", 0.06, 805
"Banana", 61.45, 970
"Pepino", 32.47, 510
"Rabanito", 211.68, 285
"Lima", 1247.12, 218
"Lima", 1008.33, 236
"Sandia", 51.04, 954
"Palta", 451.21, 495
"Batata", 21.75, 1090
"Frambuesa", 2013.02, 99
"Berenjena", 64.03, 648
"Rabanito", 247.51, 252
"Durazno", 140.73, 728
"Acelga", 24.44, 801
"Rabanito", 210.67, 309
"Champignon", 3617.72, 109
"Ajo", 922.69, 85
"Pepino", 38.40, 515
"TomCherry", 558.80, 220
"Brocoli", 373.70, 340
"Limon", 325.52, 679
"Naranja", 13.65, 900
"Pera", 156.51, 850
"Berenjena", 43.90, 546
"Banana", 54.71, 1200
"Lima", 1382.56, 178
"Pomelo", 46.18, 792
"Repollo", 6.58, 693
"Tomate", 778.42, 882
"Champignon", 3552.95, 106
"Lima", 1402.99, 196
"Champignon", 3558.16, 85
"Sandia", 72.30, 927
"Apio", 48.42, 354
"Zuccini", 85.48, 654
"Lechuga", 26.00, 981
"Durazno", 129.69, 680
"Apio", 60.67, 267
"Calabaza", 24.81, 928
"Papa", 13.22, 1130
"Choclo", 52.64, 240
"Tomate", 718.41, 846
"Mandarina", 17.68, 830
"Brocoli", 363.46, 332
"Rabanito", 224.86, 249
"Naranja", 19.47, 1120
"Palta", 500.72, 495
"Sandia", 44.66, 837
"Melon", 125.75, 400
"Coliflor", 26.25, 415
"Kiwi", 425.58, 396
"Ajo", 921.40, 81
"Ajo", 935.71, 99
"Lima", 1167.08, 174
"Tomate", 753.64, 837
"Durazno", 164.46, 832
"Tomate", 708.37, 963
"Rabanito", 240.05, 327
"Acelga", 17.96, 954
"Lechuga", 37.45, 837
"Durazno", 174.27, 656
"Esparrago", 659.75, 174
"Palta", 485.08, 405
"Esparrago", 640.52, 240
"Durazno", 173.07, 688
"Banana", 70.72, 840
"Manzana", 119.38, 990
"Repollo", 5.72, 567
"Ajo", 932.94, 101
"Zanahoria", 22.76, 588
"Naranja", 8.59, 880
"Durazno", 162.89, 856
"Lima", 1371.65, 186
"Ajo", 911.79, 111
"Rabanito", 212.91, 303
"TomCherry", 569.75, 186
"Naranja", 15.65, 1190
"Kinoto", 27.94, 198
"Cebolla", 76.71, 688
"Apio", 53.45, 357
"Morron", 2926.00, 606
"Champignon", 3621.25, 109
"Durazno", 176.44, 776
"Mandarina", 20.23, 1030
"Durazno", 262.92, 808
"Lima", 1033.96, 202
"Durazno", 239.60, 952
"Lima", 1249.38, 228
"Melon", 111.94, 320
"Rabanito", 204.53, 336
"Uva", 709.35, 297
"Durazno", 139.38, 904
"TomCherry", 532.73, 184
"Brocoli", 360.31, 356
"Pera", 139.52, 1180
"Batata", 19.65, 1170
"Uva", 633.69, 330
"Lima", 1369.66, 202
"Pepino", 33.51, 530
"Calabaza", 22.15, 896
"Durazno", 287.53, 856
"Papa", 19.75, 960
"Limon", 340.17, 833
"Durazno", 241.31, 720
"Batata", 13.37, 1020
"Higo", 2572.53, 97
"Uva", 647.55, 318
"Calabaza", 22.10, 672
"Banana", 60.57, 980
"Uva", 677.82, 315
"Uva", 723.62, 297
"Melon", 123.90, 448
"Papa", 17.84, 1120
"Apio", 50.96, 309
"Limon", 313.43, 798
"Lechuga", 46.27, 900
"Mandarina", 27.31, 1110
"Calabaza", 15.68, 760
"Banana", 63.80, 810
"Lima", 1272.93, 184
"Frambuesa", 2021.26, 84
"Palta", 492.22, 570
"Pomelo", 44.28, 1071
"Banana", 63.56, 800
"Zuccini", 97.75, 612
"Kiwi", 457.43, 384
"Limon", 314.57, 672
"Zanahoria", 37.52, 552
"Batata", 23.15, 1170
"Lima", 1045.92, 162
"Berenjena", 60.29, 552
"Palta", 469.13, 535
"Palta", 1141.22, 424
"Acelga", 18.78, 801
"Melon", 90.23, 436
"Lima", 1193.20, 174
"Mandarina", 25.59, 1110
"Acelga", 28.72, 1062
"Lima", 993.38, 182
"Ciruela", 997.36, 864
"Zanahoria", 30.67, 594
"Higo", 2472.64, 93
"Cebolla", 54.19, 712
"Lima", 1189.32, 174
"Ajo", 897.40, 113
"Frutilla", 308.48, 249
"Lima", 1304.89, 212
"Papa", 10.91, 850
"Frambuesa", 2024.78, 119
"Lima", 1005.05, 218
"Lima", 1096.94, 208
"Ajo", 936.15, 116
"Coliflor", 30.03, 500
"Durazno", 242.11, 896
"Palta", 1157.75, 396
"Caqui", 832.46, 88
"Durazno", 160.42, 728
"Durazno", 163.33, 864
"Mandarina", 17.27, 870
"Durazno", 276.52, 960
"Esparrago", 605.88, 216
"Kinoto", 42.03, 182
"Lima", 1031.64, 178
"Kiwi", 446.42, 416
"Champignon", 3531.59, 87
"Naranja", 11.85, 1080
"Champignon", 3595.54, 97
"Palta", 491.68, 495
"Lechuga", 46.36, 909
"Sandia", 61.38, 819
"Mandarina", 18.83, 1080
"Calabaza", 24.20, 744
"Morron", 2958.59, 606
"Alcachofa", 125.15, 345
"Papa", 10.23, 1110
"Mandarina", 14.82, 1130
"Esparrago", 631.19, 186
"Rabanito", 219.68, 276
"Zanahoria", 30.01, 492
"Naranja", 10.51, 1030
"Calabaza", 25.56, 744
"Champignon", 3597.29, 82
"TomCherry", 535.57, 162
"Cebolla", 54.86, 912
"TomCherry", 512.50, 168
"Ajo", 901.81, 114
"Kinoto", 35.49, 198
"Frutilla", 291.37, 354
"Pomelo", 41.29, 864
"Pera", 162.04, 850
"Papa", 9.20, 880
"Lima", 1365.40, 206
"Manzana", 146.26, 1040
"Champignon", 3516.24, 92
"Choclo", 59.68, 309
"Morron", 2995.25, 480
"Melon", 113.38, 448
"Repollo", 3.35, 749
"Pomelo", 51.63, 819
"Esparrago", 627.45, 204
"Lima", 1399.44, 192
"Lechuga", 37.21, 963
"Acelga", 13.41, 837
"Apio", 62.10, 276
"Choclo", 48.41, 336
"Papa", 24.18, 960
"Berenjena", 53.43, 498
"Durazno", 151.94, 760
"Kiwi", 444.45, 432
"Sandia", 45.85, 846
"Ajo", 912.36, 101
"Durazno", 265.92, 832
"Banana", 55.64, 1200
"Palta", 1129.60, 400
"Palta", 522.86, 435
"Durazno", 272.46, 728
"Higo", 2451.89, 80
"Lima", 1366.79, 160
"Coliflor", 26.61, 475
"Palta", 514.38, 475
"Higo", 2466.16, 88
"Melon", 98.89, 384
"Caqui", 857.18, 112
"Kiwi", 458.18, 472
"Repollo", 6.12, 735
"Pera", 146.09, 930
"Mandarina", 22.32, 1110
"Coliflor", 33.39, 555
"Brocoli", 336.97, 332
"Uva", 752.58, 270
"Zanahoria", 36.07, 618
"Rabanito", 233.74, 270
"Kinoto", 25.81, 210
"Batata", 28.61, 1120
"Durazno", 153.40, 704
"TomCherry", 575.70, 200
"Mandarina", 22.99, 1110
"Frambuesa", 2020.01, 91
"Caqui", 766.52, 84
"Durazno", 313.50, 848
"Rabanito", 221.39, 348
"Banana", 78.34, 1030
"Alcachofa", 151.43, 267
"Naranja", 16.77, 1010
"Caqui", 794.15, 113
"Champignon", 3640.05, 111
"Pera", 157.68, 930
"Coliflor", 30.22, 510
"Higo", 2547.66, 98
"Zuccini", 86.90, 684
"Kinoto", 37.50, 188
"Batata", 15.32, 1080
"Champignon", 3556.52, 97
"Kinoto", 27.40, 162
"Caqui", 846.87, 99
"Tomate", 768.13, 900
"Esparrago", 641.95, 166
"Cereza", 1062.24, 230
"Lima", 1396.05, 218
"Frutilla", 298.25, 345
"Uva", 699.50, 333
"Cebolla", 58.33, 776
"Zuccini", 86.64, 480
"Calabaza", 26.16, 856
"Uva", 694.08, 309
"Durazno", 180.51, 848
"Lima", 1029.18, 222
"Mandarina", 20.84, 1060
"Caqui", 845.10, 104
"Naranja", 12.30, 920
"Rabanito", 241.22, 339
"Pomelo", 44.45, 1026
"Papa", 12.70, 950
"Pomelo", 47.26, 738
"Lima", 1354.41, 198
"Morron", 2966.33, 654
"Zuccini", 87.28, 636
"Papa", 16.31, 990
"Esparrago", 641.56, 176
"Tomate", 709.16, 864
"Brocoli", 347.43, 408
"Mandarina", 29.33, 1190
"Kiwi", 448.04, 332
"Banana", 64.29, 1040
"Lechuga", 34.62, 882
"Choclo", 64.68, 357
"Manzana", 121.95, 1170
"Pepino", 37.21, 590
"Pomelo", 43.36, 792
"Pomelo", 50.36, 855
"Alcachofa", 112.78, 351
"Kiwi", 408.96, 476
"Apio", 53.70, 300
"Apio", 60.29, 354
"Esparrago", 607.25, 176
"Zuccini", 96.40, 552
"Cereza", 1039.50, 238
"Melon", 116.98, 472
"Esparrago", 575.53, 232
"Champignon", 3604.13, 118
"Mandarina", 25.13, 820
"Frambuesa", 2087.78, 96
"Higo", 2535.71, 81
"Higo", 2512.60, 82
"Naranja", 16.75, 1180
"Caqui", 832.73, 109
"Brocoli", 370.47, 416
"Higo", 2496.18, 87
"Cebolla", 70.64, 912
"Batata", 21.45, 890
"Mandarina", 19.52, 1150
"Melon", 116.62, 368
"Zuccini", 76.04, 522
"Palta", 1105.41, 404
"Mandarina", 15.79, 1080
"Papa", 18.16, 960
"Manzana", 132.31, 860
"Mandarina", 20.34, 810
"Kiwi", 481.51, 416
"Papa", 18.75, 910
"Zanahoria", 25.07, 552
"TomCherry", 577.16, 218
"Brocoli", 376.48, 416
"Pepino", 37.42, 490
"TomCherry", 533.38, 220
"Choclo", 56.99, 327
"Pera", 161.52, 1150
"Durazno", 144.19, 720
"Frambuesa", 1964.51, 91
"Lima", 1347.93, 204
"Higo", 2477.36, 81
"Coliflor", 29.60, 530
"Coliflor", 28.35, 420
"Lima", 1065.39, 208
"Naranja", 22.79, 930
"Pera", 141.44, 930
"Kiwi", 437.73, 404
"Kiwi", 431.70, 472
"Cebolla", 67.83, 640
"Acelga", 29.29, 810
"Brocoli", 383.54, 348
"Lechuga", 38.09, 792
"Papa", 21.92, 810
"Pomelo", 53.54, 918
"Acelga", 21.84, 792
"Pepino", 48.31, 510
"Higo", 2484.28, 112
"Frambuesa", 2039.30, 107
"Caqui", 861.01, 90
"Repollo", 3.25, 560
"Frambuesa", 2122.82, 104
"Ajo", 880.28, 90
"Palta", 1182.19, 392
"Ciruela", 1004.46, 990
"Brocoli", 400.92, 456
"Lima", 1296.94, 176
"Manzana", 135.10, 950
"Kiwi", 400.48, 456
"Melon", 94.06, 432
"Kinoto", 35.37, 238
"Batata", 16.06, 840
"Pomelo", 46.02, 999
"Banana", 60.80, 930
"Acelga", 13.65, 927
"Limon", 302.86, 616
"Durazno", 143.10, 728
"Brocoli", 350.84, 456
"Kiwi", 422.32, 428
"Brocoli", 376.28, 344
"Ajo", 877.74, 81
"Morron", 2931.26, 594
"Choclo", 60.80, 279
"Berenjena", 42.30, 666
"Mandarina", 12.91, 1200
"Palta", 516.94, 470
"Zanahoria", 27.63, 528
"Zanahoria", 25.55, 684
"Caqui", 866.34, 80
"Naranja", 11.74, 890
"Ciruela", 1020.81, 747
"Mandarina", 20.19, 970
"Repollo", 3.80, 595
